dataset_folder,dataset_name,file_size_bytes,algo,input_type,ratio,comp_mbps,decomp_mbps,error
3d-pcg-gb,pcg-gb_127x127x127_4096kB.u2,4096766,mans+_p,-u2,2.86,2113.1,1993.0,
3d-pcg-gb,pcg-gb_15x15x15_8kB.u2,6750,mans+_p,-u2,2.40,80.4,10.1,
3d-pcg-gb,pcg-gb_203x203x203_16384kB.u2,16730854,mans+_p,-u2,2.66,2481.0,2468.4,
3d-pcg-gb,pcg-gb_20x20x20_16kB.u2,16000,mans+_p,-u2,2.72,162.9,22.8,
3d-pcg-gb,pcg-gb_31x31x31_64kB.u2,59582,mans+_p,-u2,2.96,354.6,82.2,
3d-pcg-gb,pcg-gb_322x322x322_65536kB.u2,66772496,mans+_p,-u2,1.95,2431.3,2613.7,
3d-pcg-gb,pcg-gb_50x50x50_256kB.u2,250000,mans+_p,-u2,2.96,662.0,294.5,
3d-pcg-gb,pcg-gb_511x511x511_262144kB.u2,266865662,mans+_p,-u2,1.90,2617.3,2923.9,
3d-pcg-gb,pcg-gb_80x80x80_1024kB.u2,1024000,mans+_p,-u2,2.96,1480.0,987.0,
3d-sfc-gi,2-sfc-1_127x127x127_4096kB.u2,4096766,mans+_p,-u2,3.34,2196.3,2131.5,
3d-sfc-gi,2-sfc-1_15x15x15_8kB.u2,6750,mans+_p,-u2,3.09,80.9,10.1,
3d-sfc-gi,2-sfc-1_203x203x203_16384kB.u2,16730854,mans+_p,-u2,2.94,2654.7,2625.7,
3d-sfc-gi,2-sfc-1_20x20x20_16kB.u2,16000,mans+_p,-u2,3.63,160.2,21.8,
3d-sfc-gi,2-sfc-1_31x31x31_64kB.u2,59582,mans+_p,-u2,4.15,399.6,84.7,
3d-sfc-gi,2-sfc-1_322x322x322_65536kB.u2,66772496,mans+_p,-u2,2.70,2679.5,2768.7,
3d-sfc-gi,2-sfc-1_50x50x50_256kB.u2,250000,mans+_p,-u2,4.20,662.6,296.2,
3d-sfc-gi,2-sfc-1_511x511x511_262144kB.u2,266865662,mans+_p,-u2,2.41,2813.3,2947.1,
3d-sfc-gi,2-sfc-1_758x842x841_1048576kB.u2,1073512952,mans+_p,-u2,2.12,2861.4,3148.7,
3d-sfc-gi,2-sfc-1_80x80x80_1024kB.u2,1024000,mans+_p,-u2,4.39,1622.9,1014.0,
3d-sfc-l,sfc-l_127x127x127_4096kB.u2,4096766,mans+_p,-u2,2.45,2306.7,2179.1,
3d-sfc-l,sfc-l_14958x185x194_1048576kB.u2,1073685240,mans+_p,-u2,2.29,2661.8,3037.8,
3d-sfc-l,sfc-l_15x15x15_8kB.u2,6750,mans+_p,-u2,2.94,78.9,10.3,
3d-sfc-l,sfc-l_20x20x20_16kB.u2,16000,mans+_p,-u2,3.43,152.4,23.2,
3d-sfc-l,sfc-l_233x185x194_16384kB.u2,16724740,mans+_p,-u2,2.36,2388.2,2577.1,
3d-sfc-l,sfc-l_31x31x31_64kB.u2,59582,mans+_p,-u2,3.95,363.8,83.5,
3d-sfc-l,sfc-l_3739x185x194_262144kB.u2,268385420,mans+_p,-u2,2.19,2564.7,2930.5,
3d-sfc-l,sfc-l_50x50x50_256kB.u2,250000,mans+_p,-u2,3.12,637.9,297.7,
3d-sfc-l,sfc-l_80x80x80_1024kB.u2,1024000,mans+_p,-u2,2.89,1681.3,1046.5,
3d-sfc-l,sfc-l_934x185x194_65536kB.u2,67042520,mans+_p,-u2,2.32,2494.9,2830.7,
3d-spdi-m,spdi-m_127x127x127_4096kB.u2,4096766,mans+_p,-u2,4.73,2234.1,2042.5,
3d-spdi-m,spdi-m_15x15x15_8kB.u2,6750,mans+_p,-u2,3.89,80.1,10.3,
3d-spdi-m,spdi-m_203x203x203_16384kB.u2,16730854,mans+_p,-u2,4.52,2663.9,2468.4,
3d-spdi-m,spdi-m_20x20x20_16kB.u2,16000,mans+_p,-u2,4.82,147.4,23.3,
3d-spdi-m,spdi-m_31x31x31_64kB.u2,59582,mans+_p,-u2,5.57,327.9,85.5,
3d-spdi-m,spdi-m_322x322x322_65536kB.u2,66772496,mans+_p,-u2,4.40,2633.4,2571.0,
3d-spdi-m,spdi-m_50x50x50_256kB.u2,250000,mans+_p,-u2,5.09,697.5,296.5,
3d-spdi-m,spdi-m_511x511x511_262144kB.u2,266865662,mans+_p,-u2,4.15,2602.7,2774.0,
3d-spdi-m,spdi-m_80x80x80_1024kB.u2,1024000,mans+_p,-u2,5.38,1762.2,989.1,
exafel,exafel_59200x388_1024kB.u2,1048576,mans+_p,-u2,1.74,2550.3,1343.6,
exafel,exafel_59200x388_16384kB.u2,16777216,mans+_p,-u2,1.75,3974.7,6654.4,
exafel,exafel_59200x388_16kB.u2,16384,mans+_p,-u2,1.56,175.0,22.3,
exafel,exafel_59200x388_256kB.u2,262144,mans+_p,-u2,1.79,1257.2,371.3,
exafel,exafel_59200x388_4096kB.u2,4194304,mans+_p,-u2,1.75,3283.4,4236.1,
exafel,exafel_59200x388_4kB.u2,4096,mans+_p,-u2,1.40,50.7,6.0,
exafel,exafel_59200x388_64kB.u2,65536,mans+_p,-u2,1.73,489.1,95.4,
haac,vx_1073726487_1024kB.u2,1048576,mans+_p,-u2,5.36,2031.7,1428.2,
haac,vx_1073726487_1048576kB.u2,1073741824,mans+_p,-u2,4.39,4530.1,9364.9,
haac,vx_1073726487_16384kB.u2,16777216,mans+_p,-u2,4.57,4176.3,7920.9,
haac,vx_1073726487_16kB.u2,16384,mans+_p,-u2,4.22,169.1,23.7,
haac,vx_1073726487_256kB.u2,262144,mans+_p,-u2,5.22,860.4,364.0,
haac,vx_1073726487_262144kB.u2,268435456,mans+_p,-u2,4.48,4602.8,8850.0,
haac,vx_1073726487_4096kB.u2,4194304,mans+_p,-u2,4.84,3284.1,4664.6,
haac,vx_1073726487_4kB.u2,4096,mans+_p,-u2,2.83,53.4,6.0,
haac,vx_1073726487_64kB.u2,65536,mans+_p,-u2,4.38,385.6,96.1,
haac,vx_1073726487_65536kB.u2,67108864,mans+_p,-u2,4.42,4401.1,9528.5,
haac,vy_1073726487_1024kB.u2,1048576,mans+_p,-u2,5.25,2027.1,1422.6,
haac,vy_1073726487_1048576kB.u2,1073741824,mans+_p,-u2,4.40,4275.7,9304.6,
haac,vy_1073726487_16384kB.u2,16777216,mans+_p,-u2,4.51,4189.8,7880.7,
haac,vy_1073726487_16kB.u2,16384,mans+_p,-u2,4.12,156.5,24.3,
haac,vy_1073726487_256kB.u2,262144,mans+_p,-u2,5.13,813.0,381.5,
haac,vy_1073726487_262144kB.u2,268435456,mans+_p,-u2,4.51,4587.4,8761.9,
haac,vy_1073726487_4096kB.u2,4194304,mans+_p,-u2,4.75,3255.1,4758.2,
haac,vy_1073726487_4kB.u2,4096,mans+_p,-u2,2.89,52.1,6.4,
haac,vy_1073726487_64kB.u2,65536,mans+_p,-u2,4.26,384.1,94.3,
haac,vy_1073726487_65536kB.u2,67108864,mans+_p,-u2,4.45,4565.8,9461.2,
haac,vz_1073726487_1024kB.u2,1048576,mans+_p,-u2,5.57,1867.6,1404.6,
haac,vz_1073726487_1048576kB.u2,1073741824,mans+_p,-u2,4.41,4568.3,9340.1,
haac,vz_1073726487_16384kB.u2,16777216,mans+_p,-u2,4.85,4123.3,7815.0,
haac,vz_1073726487_16kB.u2,16384,mans+_p,-u2,4.29,154.9,24.7,
haac,vz_1073726487_256kB.u2,262144,mans+_p,-u2,5.47,838.0,377.6,
haac,vz_1073726487_262144kB.u2,268435456,mans+_p,-u2,4.50,4560.0,8939.4,
haac,vz_1073726487_4096kB.u2,4194304,mans+_p,-u2,4.99,3233.0,4702.7,
haac,vz_1073726487_4kB.u2,4096,mans+_p,-u2,2.89,51.7,6.0,
haac,vz_1073726487_64kB.u2,65536,mans+_p,-u2,4.44,387.7,93.1,
haac,vz_1073726487_65536kB.u2,67108864,mans+_p,-u2,4.54,4455.8,9497.9,
haac,xx_1073726487_1024kB.u2,1048576,mans+_p,-u2,10.88,1568.1,1446.0,
haac,xx_1073726487_1048576kB.u2,1073741824,mans+_p,-u2,6.99,6009.8,9423.2,
haac,xx_1073726487_16384kB.u2,16777216,mans+_p,-u2,10.42,4829.9,8005.0,
haac,xx_1073726487_16kB.u2,16384,mans+_p,-u2,7.91,136.9,24.1,
haac,xx_1073726487_256kB.u2,262144,mans+_p,-u2,11.87,450.3,374.4,
haac,xx_1073726487_262144kB.u2,268435456,mans+_p,-u2,7.00,6048.3,8899.2,
haac,xx_1073726487_4096kB.u2,4194304,mans+_p,-u2,10.97,3188.0,4581.1,
haac,xx_1073726487_4kB.u2,4096,mans+_p,-u2,4.45,49.6,5.7,
haac,xx_1073726487_64kB.u2,65536,mans+_p,-u2,10.25,229.1,94.2,
haac,xx_1073726487_65536kB.u2,67108864,mans+_p,-u2,7.04,5640.5,9447.8,
haac,yy_1073726487_1024kB.u2,1048576,mans+_p,-u2,10.51,1562.2,1429.4,
haac,yy_1073726487_1048576kB.u2,1073741824,mans+_p,-u2,7.57,6063.1,9049.6,
haac,yy_1073726487_16384kB.u2,16777216,mans+_p,-u2,10.31,4986.0,7810.0,
haac,yy_1073726487_16kB.u2,16384,mans+_p,-u2,7.85,141.8,24.7,
haac,yy_1073726487_256kB.u2,262144,mans+_p,-u2,10.31,515.5,375.5,
haac,yy_1073726487_262144kB.u2,268435456,mans+_p,-u2,7.58,6012.6,8935.6,
haac,yy_1073726487_4096kB.u2,4194304,mans+_p,-u2,10.82,3289.5,4716.0,
haac,yy_1073726487_4kB.u2,4096,mans+_p,-u2,3.97,50.6,6.0,
haac,yy_1073726487_64kB.u2,65536,mans+_p,-u2,10.00,234.1,90.1,
haac,yy_1073726487_65536kB.u2,67108864,mans+_p,-u2,7.05,5795.7,9535.9,
haac,zz_1073726487_1024kB.u2,1048576,mans+_p,-u2,9.49,1622.9,1393.1,
haac,zz_1073726487_1048576kB.u2,1073741824,mans+_p,-u2,7.88,5809.9,9510.0,
haac,zz_1073726487_16384kB.u2,16777216,mans+_p,-u2,9.61,4890.3,7917.9,
haac,zz_1073726487_16kB.u2,16384,mans+_p,-u2,5.35,164.0,23.7,
haac,zz_1073726487_256kB.u2,262144,mans+_p,-u2,8.09,646.8,392.9,
haac,zz_1073726487_262144kB.u2,268435456,mans+_p,-u2,7.83,6072.6,8910.0,
haac,zz_1073726487_4096kB.u2,4194304,mans+_p,-u2,10.44,3066.5,4722.7,
haac,zz_1073726487_4kB.u2,4096,mans+_p,-u2,3.22,50.1,6.0,
haac,zz_1073726487_64kB.u2,65536,mans+_p,-u2,6.40,314.2,96.1,
haac,zz_1073726487_65536kB.u2,67108864,mans+_p,-u2,7.78,5781.7,9548.4,
modis,EV-Band26_2030x1354_1024kB.u2,1048576,mans+_p,-u2,2.51,2665.0,1457.9,
modis,EV-Band26_2030x1354_16kB.u2,16384,mans+_p,-u2,2.37,175.2,24.2,
modis,EV-Band26_2030x1354_256kB.u2,262144,mans+_p,-u2,2.51,1329.6,393.4,
modis,EV-Band26_2030x1354_4096kB.u2,4194304,mans+_p,-u2,2.53,3748.5,4629.7,
modis,EV-Band26_2030x1354_4kB.u2,4096,mans+_p,-u2,1.89,50.0,5.8,
modis,EV-Band26_2030x1354_64kB.u2,65536,mans+_p,-u2,2.50,504.6,96.5,
tomobank,tomo00022_4194304_1024kB.u2,1048576,mans+_p,-u2,2.10,3195.1,1437.3,
tomobank,tomo00022_4194304_16kB.u2,16384,mans+_p,-u2,2.00,178.0,24.2,
tomobank,tomo00022_4194304_256kB.u2,262144,mans+_p,-u2,2.13,1470.0,379.1,
tomobank,tomo00022_4194304_4096kB.u2,4194304,mans+_p,-u2,2.14,4798.7,4667.8,
tomobank,tomo00022_4194304_4kB.u2,4096,mans+_p,-u2,1.62,51.9,6.1,
tomobank,tomo00022_4194304_64kB.u2,65536,mans+_p,-u2,2.14,522.1,89.9,
tomobank,tomo00022_4194304_8192kB.u2,8388608,mans+_p,-u2,2.07,4169.5,6421.4,
big-tpch,col_360011594_1024kB.u4,1048576,mans+_p,-u4,8.10,3515.4,1409.6,
big-tpch,col_360011594_1048576kB.u4,1073741824,mans+_p,-u4,7.62,9462.1,12021.8,
big-tpch,col_360011594_16384kB.u4,16777216,mans+_p,-u4,7.97,8947.0,8786.8,
big-tpch,col_360011594_16kB.u4,16384,mans+_p,-u4,6.34,197.7,23.9,
big-tpch,col_360011594_256kB.u4,262144,mans+_p,-u4,7.92,1156.7,347.9,
big-tpch,col_360011594_262144kB.u4,268435456,mans+_p,-u4,7.62,9601.4,11474.3,
big-tpch,col_360011594_4096kB.u4,4194304,mans+_p,-u4,8.09,7250.7,4418.7,
big-tpch,col_360011594_4kB.u4,4096,mans+_p,-u4,3.53,51.9,5.4,
big-tpch,col_360011594_64kB.u4,65536,mans+_p,-u4,7.85,558.2,96.4,
big-tpch,col_360011594_65536kB.u4,67108864,mans+_p,-u4,7.60,10053.7,11710.3,
suitesparse,kron-g500-logn19_43562265_1024kB.u4,1048576,mans+_p,-u4,11.50,1656.2,1432.9,
suitesparse,kron-g500-logn19_43562265_16384kB.u4,16777216,mans+_p,-u4,13.85,7805.2,10829.7,
suitesparse,kron-g500-logn19_43562265_16kB.u4,16384,mans+_p,-u4,10.19,213.4,25.1,
suitesparse,kron-g500-logn19_43562265_256kB.u4,262144,mans+_p,-u4,18.36,653.1,375.4,
suitesparse,kron-g500-logn19_43562265_4096kB.u4,4194304,mans+_p,-u4,12.16,4083.5,4959.4,
suitesparse,kron-g500-logn19_43562265_4kB.u4,4096,mans+_p,-u4,4.79,56.3,5.9,
suitesparse,kron-g500-logn19_43562265_64kB.u4,65536,mans+_p,-u4,16.89,423.1,94.7,
suitesparse,kron-g500-logn19_43562265_65536kB.u4,67108864,mans+_p,-u4,13.87,10008.8,13155.0,
